{
  "IcoMoonType": "selection",
  "icons": [
    {
      "icon": {
        "paths": [
          "M1024 608l-192-192v-288h-128v160l-192-192-512 512v32h128v320h320v-192h128v192h320v-320h128z"
        ],
        "tags": [
          "home",
          "house"
        ],
        "defaultCode": 59650,
        "grid": 16,
        "attrs": []
      },
      "attrs": [],
      "properties": {
        "ligatures": "home3, house3",
        "name": "home3",
        "order": 14,
        "id": 3,
        "prevSize": 32,
        "code": 59650
      },
      "setIdx": 0,
      "setId": 1,
      "iconIdx": 2
    },
    {
      "icon": {
        "paths": [
          "M192 128l640 384-640 384z"
        ],
        "tags": [
          "play",
          "player"
        ],
        "defaultCode": 59932,
        "grid": 16,
        "attrs": []
      },
      "attrs": [],
      "properties": {
        "ligatures": "play3, player8",
        "name": "play3",
        "order": 6,
        "id": 285,
        "prevSize": 32,
        "code": 59932
      },
      "setIdx": 0,
      "setId": 1,
      "iconIdx": 284
    },
    {
      "icon": {
        "paths": [
          "M128 128h320v768h-320zM576 128h320v768h-320z"
        ],
        "tags": [
          "pause",
          "player"
        ],
        "defaultCode": 59933,
        "grid": 16,
        "attrs": []
      },
      "attrs": [],
      "properties": {
        "ligatures": "pause2, player9",
        "name": "pause2",
        "order": 7,
        "id": 286,
        "prevSize": 32,
        "code": 59933
      },
      "setIdx": 0,
      "setId": 1,
      "iconIdx": 285
    },
    {
      "icon": {
        "paths": [
          "M621.254 877.254l320-320c24.994-24.992 24.994-65.516 0-90.51l-320-320c-24.994-24.992-65.516-24.992-90.51 0-24.994 24.994-24.994 65.516 0 90.51l210.746 210.746h-613.49c-35.346 0-64 28.654-64 64s28.654 64 64 64h613.49l-210.746 210.746c-12.496 12.496-18.744 28.876-18.744 45.254s6.248 32.758 18.744 45.254c24.994 24.994 65.516 24.994 90.51 0z"
        ],
        "tags": [
          "arrow-right",
          "right",
          "next"
        ],
        "defaultCode": 59964,
        "grid": 16,
        "attrs": []
      },
      "attrs": [],
      "properties": {
        "ligatures": "arrow-right2, right4",
        "name": "arrow-right2",
        "order": 13,
        "id": 317,
        "prevSize": 32,
        "code": 59964
      },
      "setIdx": 0,
      "setId": 1,
      "iconIdx": 316
    },
    {
      "icon": {
        "paths": [
          "M402.746 877.254l-320-320c-24.994-24.992-24.994-65.516 0-90.51l320-320c24.994-24.992 65.516-24.992 90.51 0 24.994 24.994 24.994 65.516 0 90.51l-210.746 210.746h613.49c35.346 0 64 28.654 64 64s-28.654 64-64 64h-613.49l210.746 210.746c12.496 12.496 18.744 28.876 18.744 45.254s-6.248 32.758-18.744 45.254c-24.994 24.994-65.516 24.994-90.51 0z"
        ],
        "tags": [
          "arrow-left",
          "left",
          "previous"
        ],
        "defaultCode": 59968,
        "grid": 16,
        "attrs": []
      },
      "attrs": [],
      "properties": {
        "ligatures": "arrow-left2, left4",
        "name": "arrow-left2",
        "order": 12,
        "id": 321,
        "prevSize": 32,
        "code": 59968
      },
      "setIdx": 0,
      "setId": 1,
      "iconIdx": 320
    },
    {
      "icon": {
        "paths": [
          "M512 0c-282.77 0-512 229.23-512 512s229.23 512 512 512 512-229.23 512-512-229.23-512-512-512zM512 928c-229.75 0-416-186.25-416-416s186.25-416 416-416 416 186.25 416 416-186.25 416-416 416z",
          "M354.744 706.744l90.512 90.512 285.254-285.256-285.256-285.254-90.508 90.508 194.744 194.746z"
        ],
        "tags": [
          "circle-right",
          "right",
          "circle-next",
          "arrow"
        ],
        "defaultCode": 59970,
        "grid": 16,
        "attrs": []
      },
      "attrs": [],
      "properties": {
        "ligatures": "circle-right, right5",
        "name": "circle-right",
        "order": 10,
        "id": 323,
        "prevSize": 32,
        "code": 59970
      },
      "setIdx": 0,
      "setId": 1,
      "iconIdx": 322
    },
    {
      "icon": {
        "paths": [
          "M512 1024c282.77 0 512-229.23 512-512s-229.23-512-512-512-512 229.23-512 512 229.23 512 512 512zM512 96c229.75 0 416 186.25 416 416s-186.25 416-416 416-416-186.25-416-416 186.25-416 416-416z",
          "M669.256 317.256l-90.512-90.512-285.254 285.256 285.256 285.254 90.508-90.508-194.744-194.746z"
        ],
        "tags": [
          "circle-left",
          "left",
          "circle-previous",
          "arrow"
        ],
        "defaultCode": 59972,
        "grid": 16,
        "attrs": []
      },
      "attrs": [],
      "properties": {
        "ligatures": "circle-left, left5",
        "name": "circle-left",
        "order": 11,
        "id": 325,
        "prevSize": 32,
        "code": 59972
      },
      "setIdx": 0,
      "setId": 1,
      "iconIdx": 324
    },
    {
      "icon": {
        "paths": [
          "M576 736l96 96 320-320-320-320-96 96 224 224z",
          "M448 288l-96-96-320 320 320 320 96-96-224-224z"
        ],
        "tags": [
          "embed",
          "code",
          "html",
          "xml"
        ],
        "defaultCode": 60031,
        "grid": 16,
        "attrs": []
      },
      "attrs": [],
      "properties": {
        "ligatures": "embed, code",
        "name": "embed",
        "order": 15,
        "id": 384,
        "prevSize": 32,
        "code": 60031
      },
      "setIdx": 0,
      "setId": 1,
      "iconIdx": 383
    },
    {
      "icon": {
        "width": 1280,
        "paths": [
          "M832 736l96 96 320-320-320-320-96 96 224 224z",
          "M448 288l-96-96-320 320 320 320 96-96-224-224z",
          "M701.298 150.519l69.468 18.944-191.987 704.026-69.468-18.944 191.987-704.026z"
        ],
        "tags": [
          "embed",
          "code",
          "html",
          "xml"
        ],
        "defaultCode": 60032,
        "grid": 16,
        "attrs": []
      },
      "attrs": [],
      "properties": {
        "ligatures": "embed2, code2",
        "name": "embed2",
        "order": 16,
        "id": 385,
        "prevSize": 32,
        "code": 60032
      },
      "setIdx": 0,
      "setId": 1,
      "iconIdx": 384
    }
  ],
  "height": 1024,
  "metadata": {
    "name": "icomoon"
  },
  "preferences": {
    "showGlyphs": true,
    "showQuickUse": true,
    "showQuickUse2": true,
    "showSVGs": true,
    "fontPref": {
      "prefix": "icon-",
      "metadata": {
        "fontFamily": "icomoon"
      },
      "metrics": {
        "emSize": 1024,
        "baseline": 6.25,
        "whitespace": 50
      },
      "embed": false
    },
    "imagePref": {
      "prefix": "icon-",
      "png": true,
      "useClassSelector": true,
      "color": 0,
      "bgColor": 16777215,
      "classSelector": ".icon"
    },
    "historySize": 50,
    "showCodes": true,
    "gridSize": 16
  }
}